frame,type,left,reference,left_label,reference_label,iou
adasind_270517.jpg,mismatching_attributes,3,5,Car,Car,0.704
adasind_271039.jpg,mismatching_label,2,7,ThreeWheeler,Car,0.838
adasind_271039.jpg,mismatching_attributes,10,4,Pedestrian,Pedestrian,0.794
adasind_271039.jpg,mismatching_attributes,3,9,ThreeWheeler,ThreeWheeler,0.689
adasind_271039.jpg,extra_annotation,8,,Pedestrian,,N/A
adasind_271039.jpg,extra_annotation,11,,ThreeWheeler,,N/A
adasind_271039.jpg,extra_annotation,12,,Car,,N/A
adasind_271039.jpg,missing_annotation,,10,,Pedestrian,N/A
adasind_295948.jpg,mismatching_label,1,3,Pedestrian,Bike,0.992
adasind_295948.jpg,mismatching_label,3,1,Truck,Car,0.848
adasind_295948.jpg,extra_annotation,4,,Bus,,N/A
