round,slice,frame,object_ref,cell,what,why,severity,owner,rule_id,evidence,action,rules_version,note
calib,C0,adasind_019560.jpg,L3,na,SPURIOUS,E1_annotator_error,P1,annotator,R01,,rework,,
calib,C0,adasind_019560.jpg,L5,na,SPURIOUS,E1_annotator_error,P1,annotator,R09,,rework,,
calib,C0,adasind_019560.jpg,L6+R3,na,WRONG_CLASS,E1_annotator_error,P1,annotator,R12,,rework,,
r2_qa,B4-center,adasind_270517.jpg,L1,L_only,SPURIOUS,,P1,annotator,R01,,rework,,
r2_qa,B4-center,adasind_271039.jpg,L3,L_only,ATTRIBUTE,,P1,annotator,R15,,rework,,
r2_qa,B4-center,adasind_295948.jpg,L5,L_only,SPURIOUS,,P1,annotator,R09,,rework,,
r1_craft,B4-center,adasind_270517.jpg,L7,na,IGNORE_SCOPE,E1_annotator_error,P1,annotator,R09,,rework,,
r1_craft,B4-center,adasind_271039.jpg,L9,na,IGNORE_SCOPE,E1_annotator_error,P1,annotator,R09,,rework,,
r1_craft,B4-center,adasind_271039.jpg,L2+R7,na,WRONG_CLASS,E1_annotator_error,P1,annotator,R12,,rework,,
r1_craft,B4-center,adasind_271039.jpg,L8,na,SPURIOUS,E1_annotator_error,P1,annotator,R01,,rework,,
r1_craft,B4-center,adasind_271039.jpg,L11,na,SPURIOUS,E1_annotator_error,P1,annotator,R01,,rework,,
r1_craft,B4-center,adasind_271039.jpg,L12,na,SPURIOUS,E1_annotator_error,P1,annotator,R01,,rework,,
r1_craft,B4-center,adasind_271039.jpg,R10,na,MISSING,E1_annotator_error,P1,annotator,R01,,rework,,
r1_craft,B4-center,adasind_295948.jpg,L5,na,IGNORE_SCOPE,E1_annotator_error,P1,annotator,R09,,rework,,
r1_craft,B4-center,adasind_295948.jpg,L6,na,IGNORE_SCOPE,E1_annotator_error,P1,annotator,R09,,rework,,
r1_craft,B4-center,adasind_295948.jpg,L7,na,IGNORE_SCOPE,E1_annotator_error,P1,annotator,R09,,rework,,
r1_craft,B4-center,adasind_295948.jpg,L8,na,IGNORE_SCOPE,E1_annotator_error,P1,annotator,R09,,rework,,
r1_craft,B4-center,adasind_295948.jpg,L1+R3,na,WRONG_CLASS,E1_annotator_error,P1,annotator,R12,,rework,,
r1_craft,B4-center,adasind_295948.jpg,L3+R1,na,WRONG_CLASS,E1_annotator_error,P1,annotator,R12,,rework,,
r1_craft,B4-center,adasind_295948.jpg,L4,na,SPURIOUS,E1_annotator_error,P1,annotator,R01,,rework,,
r3_diag,B4-center,adasind_270517.jpg,L8+R4,LR_noM,MISSING,E1_annotator_error,P1,annotator,,,rework,,
r3_diag,B4-center,adasind_270517.jpg,L1+R2,LR_noM,MISSING,E1_annotator_error,P1,annotator,,,rework,,
r3_diag,B4-center,adasind_270517.jpg,M5,M_only,SPURIOUS,E1_annotator_error,P1,annotator,,,rework,,
r3_diag,B4-center,adasind_270517.jpg,M6,M_only,SPURIOUS,E1_annotator_error,P1,annotator,,,rework,,
r3_diag,B4-center,adasind_270517.jpg,M7,M_only,SPURIOUS,E1_annotator_error,P1,annotator,,,rework,,
r3_diag,B4-center,adasind_270517.jpg,M9,M_only,SPURIOUS,E1_annotator_error,P1,annotator,,,rework,,
r3_diag,B4-center,adasind_270517.jpg,M10,M_only,SPURIOUS,E1_annotator_error,P1,annotator,,,rework,,
r3_diag,B4-center,adasind_270517.jpg,M11,M_only,SPURIOUS,E1_annotator_error,P1,annotator,,,rework,,
r3_diag,B4-center,adasind_271039.jpg,L13+R6,LR_noM,MISSING,E1_annotator_error,P1,annotator,,,rework,,
r3_diag,B4-center,adasind_271039.jpg,L3+R9,LR_noM,MISSING,E1_annotator_error,P1,annotator,,,rework,,
r3_diag,B4-center,adasind_271039.jpg,L2,L_only,SPURIOUS,E1_annotator_error,P1,annotator,,,rework,,
r3_diag,B4-center,adasind_271039.jpg,L8+M8,LM_noR,SPURIOUS,E1_annotator_error,P1,annotator,,,rework,,
r3_diag,B4-center,adasind_271039.jpg,L11,L_only,SPURIOUS,E1_annotator_error,P1,annotator,,,rework,,
r3_diag,B4-center,adasind_271039.jpg,L12,L_only,SPURIOUS,E1_annotator_error,P1,annotator,,,rework,,
r3_diag,B4-center,adasind_271039.jpg,R7+M6,RM_noL,MISSING,E1_annotator_error,P1,annotator,,,rework,,
r3_diag,B4-center,adasind_271039.jpg,R10,R_only,MISSING,E1_annotator_error,P1,annotator,,,rework,,
r3_diag,B4-center,adasind_271039.jpg,M9,M_only,SPURIOUS,E1_annotator_error,P1,annotator,,,rework,,
r3_diag,B4-center,adasind_271039.jpg,M11,M_only,SPURIOUS,E1_annotator_error,P1,annotator,,,rework,,
r3_diag,B4-center,adasind_271039.jpg,M12,M_only,SPURIOUS,E1_annotator_error,P1,annotator,,,rework,,
r3_diag,B4-center,adasind_295948.jpg,L1,L_only,SPURIOUS,E1_annotator_error,P1,annotator,,,rework,,
r3_diag,B4-center,adasind_295948.jpg,L3+M2,LM_noR,SPURIOUS,E1_annotator_error,P1,annotator,,,rework,,
r3_diag,B4-center,adasind_295948.jpg,L4,L_only,SPURIOUS,E1_annotator_error,P1,annotator,,,rework,,
r3_diag,B4-center,adasind_295948.jpg,R1,R_only,MISSING,E1_annotator_error,P1,annotator,,,rework,,
r3_diag,B4-center,adasind_295948.jpg,R3,R_only,MISSING,E1_annotator_error,P1,annotator,,,rework,,
r3_diag,B4-center,adasind_295948.jpg,M6,M_only,SPURIOUS,E1_annotator_error,P1,annotator,,,rework,,
